<?xml version="1.0" ?>
<install version="2.3.0" type="plugin" plugin="hshtmlexpander" editable="1" method="update">
	<name>WF_HSHTMLEXPANDER_TITLE</name>
	<version>2.3.0</version>
	<creationDate>Dec 2012</creationDate>
	<author>Ken Lowther</author>
	<authorEmail>admin@joomlanook.com</authorEmail>
	<authorUrl>http://www.joomlanook.com</authorUrl>
	<copyright>Ken Lowther</copyright>
	<license>GNU/GPL Version 2 - http://www.gnu.org/licenses/gpl-2.0.html</license>
	<description>WF_HSHTMLEXPANDER_DESC</description>
	<icon>hshtmlexpander</icon>
	<layout>hshtmlexpander</layout>
	<files>
		<filename>editor_plugin.js</filename>
		<filename>hshtmlexpander.php</filename>
        <filename>classes/hshtmlexpander.php</filename>
        <filename>classes/index.html</filename>
        <filename>css/hshtmlexpander.css</filename>
        <filename>css/index.html</filename>
        <filename>img/hshtmlexpander.png</filename>
        <filename>img/index.html</filename>
        <filename>index.html</filename>
        <filename>js/hshtmlexpander.js</filename>
        <filename>js/index.html</filename>
        <filename>langs/en.js</filename>
        <filename>langs/en_dlg.js</filename>
        <filename>langs/fr.js</filename>
        <filename>langs/fr_dlg.js</filename>
        <filename>langs/index.html</filename>
        <filename>tmpl/caption.php</filename>
        <filename>tmpl/default.php</filename>
        <filename>tmpl/expander.php</filename>
        <filename>tmpl/flash.php</filename>
        <filename>tmpl/heading.php</filename>
        <filename>tmpl/html.php</filename>
        <filename>tmpl/index.html</filename>
        <filename>tmpl/options.php</filename>
        <filename>tmpl/overlay.php</filename>
	</files>
	<params group="defaults">
		<param name="target" type="list" default="" label="WF_LABEL_TARGET" description="WF_HSHTMLEXPAND_PARAM_DEFAULT_TARGET_DESC">
        	<option value="">WF_OPTION_NOT_SET</option>
			<option value="_self">WF_OPTION_TARGET_SELF</option>
			<option value="_blank">WF_OPTION_TARGET_BLANK</option>
			<option value="_parent">WF_OPTION_TARGET_PARENT</option>
			<option value="_top">WF_OPTION_TARGET_TOP</option>
		</param>
	</params>
	<extensions>file,popups</extensions>
	<languages folder="language">
		<language tag="en-GB">en-GB/en-GB.com_jce_hshtmlexpander.ini</language>
		<language tag="en-GB">en-GB/en-GB.com_jce_hshtmlexpander.sys.ini</language>
		<language tag="fr-FR">fr-FR/fr-FR.com_jce_hshtmlexpander.ini</language>
		<language tag="fr-FR">fr-FR/fr-FR.com_jce_hshtmlexpander.sys.ini</language>
	</languages>
	<help>
		<topic key="hshtmlexpander.about" title="WF_HSHTMLEXPAND_HELP_ABOUT" />
		<topic key="hshtmlexpander.interface" title="WF_HSHTMLEXPAND_HELP_INTERFACE" />
	</help>
</install>