<?xml version="1.0" encoding="utf-8"?>
<extension type="component" version="1.6.0" method="upgrade">
	<name>com_hsconfig</name>
	<creationDate>Jan 2012</creationDate>
	<author>Ken Lowther</author>
	<authorEmail>admin@joomlanook.com</authorEmail>
	<authorUrl>http://www.joomlanook.com</authorUrl>
	<copyright>This edition of Highslide JS Configuration is released under the GNU/GPL License</copyright>
	<license>http://www.gnu.org/licenses/gpl-2.0.html GNU/GPL</license>
	<version>2.5.0</version>
	<description>COM_HSCONFIG_XML_DESCRIPTION</description>
	<files folder="site">
		<filename>controller.php</filename>
		<filename>hsconfig.php</filename>
		<filename>index.html</filename>
		<filename>models/hsconfig.php</filename>
		<filename>models/index.html</filename>
		<filename>views/index.html</filename>
		<filename>views/hsconfig/index.html</filename>
		<filename>views/hsconfig/view.html.php</filename>
		<filename>views/hsconfig/tmpl/default.php</filename>
		<filename>views/hsconfig/tmpl/index.html</filename>
	</files>
	<administration>
		<menu
			img="components/com_hsconfig/images/highslidelogo.png">com_hsconfig</menu>
		<files folder="administrator/components/com_hsconfig">
			<filename>admin.hsconfig.php</filename>
			<filename>controller.php</filename>
			<filename>helper.php</filename>
			<filename>index.html</filename>
			<filename>LICENSE.php</filename>
			<filename>LICENSES.php</filename>
			<folder>controllers</folder>
			<folder>css</folder>
			<folder>js</folder>
			<folder>images</folder>
			<folder>helper</folder>
			<folder>models</folder>
			<folder>presets</folder>
			<folder>tables</folder>
			<folder>views</folder>
			<folder>language</folder>
		</files>
	    <languages folder="language">
	        <language tag="en-GB">en-GB/en-GB.com_hsconfig.ini</language>
    	    <language tag="en-GB">en-GB/en-GB.com_hsconfig.sys.ini</language>
        	<language tag="fr-FR">fr-FR/fr-FR.com_hsconfig.ini</language>
        	<language tag="fr-FR">fr-FR/fr-FR.com_hsconfig.sys.ini</language>
    	</languages>
	</administration>
    <installfile>install.hsconfig.php</installfile>
</extension>