<?xml version="1.0" encoding="utf-8"?>
<extension
	version="1.6.0"
	type="plugin"
	group="content"
	method="upgrade">
	<name>PLG_CONTENT_HIGHSLIDE</name>
	<author>Ken Lowther</author>
	<creationDate>Jan 2012</creationDate>
	<copyright>This edition of Highslide JS Plugin is released under the GNU/GPL License, copyright Ken Lowther</copyright>
	<license>http://www.gnu.org/licenses/gpl-2.0.html GNU/GPL</license>
	<authorEmail>admin@joomlanook.com</authorEmail>
	<authorUrl>www.joomlanook.com</authorUrl>
	<version>2.5.0</version>
	<description>PLG_HIGHSLIDE_XML_DESCRIPTION</description>
	<files>
		<filename plugin="highslide">highslide.php</filename>
		<filename>easing_equations.js</filename>
		<filename>enhancedfilelist.php</filename>
		<filename>highslide-full.js</filename>
		<filename>highslide-full.min.js</filename>
		<filename>highslide-full.packed.js</filename>
		<filename>highslide.css</filename>
		<filename>highslide-ie6.css</filename>
		<filename>index.html</filename>
		<filename>swfobject.js</filename>
		<filename>infopage.htm</filename>
		<filename>infopage-fr.htm</filename>
		<filename>LICENSE.php</filename>
		<filename>LICENSES.php</filename>
		<folder>graphics</folder>
		<folder>language</folder>
		<filename>config/css/index.html</filename>
		<filename>config/js/index.html</filename>
	</files>
    <languages folder="language">
        <language tag="en-GB">en-GB/en-GB.plg_content_highslide.ini</language>
        <language tag="en-GB">en-GB/en-GB.plg_content_highslide.sys.ini</language>
        <language tag="fr-FR">fr-FR/fr-FR.plg_content_highslide.ini</language>
        <language tag="fr-FR">fr-FR/fr-FR.plg_content_highslide.sys.ini</language>
    </languages>
	<config>
		<fields
			name="params">
			<fieldset
				name="basic"
				addfieldpath="/plugins/content/highslide" >
				<field
				 	name="includehighslide"
				 	type="list"
				 	default="1"
				 	label="PLG_HIGHSLIDE_FIELD_INCLUDEHIGHSLIDE_LABEL"
				 	description="PLG_HIGHSLIDE_FIELD_INCLUDEHIGHSLIDE_DESC">
					<option
						value="0">PLG_HIGHSLIDE_OPTION_YES_UNCOMPRESSED</option>
					<option
						value="1">PLG_HIGHSLIDE_OPTION_YES_COMPRESSED</option>
					<option
						value="2">PLG_HIGHSLIDE_OPTION_YES_MINIFIED</option>
					<option
					value="3">JNo</option>
				</field>

				<field
					name="includehsconfig"
					type="radio"
					default="1"
					label="PLG_HIGHSLIDE_FIELD_INCLUDEHSCONFIG_LABEL"
					description="PLG_HIGHSLIDE_FIELD_INCLUDEHSCONFIG_DESC">
					<option
						value="0">PLG_HIGHSLIDE_OPTION_SELECTIVE</option>
					<option
						value="1">PLG_HIGHSLIDE_OPTION_ALWAYS</option>
				</field>

				<field
					name="includeswfobject"
					type="radio"
					default="1"
					label="PLG_HIGHSLIDE_FIELD_INCLUDESWFOBJECT_LABEL"
					description="PLG_HIGHSLIDE_FIELD_INCLUDESWFOBJECT_DESC">
					<option
						value="0">JNo</option>
					<option
						value="1">JYes</option>
				</field>

				<field
					name="detectlang"
					type="radio"
					default="1"
					label="PLG_HIGHSLIDE_FIELD_DETECTLANG_LABEL"
					description="PLG_HIGHSLIDE_FIELD_DETECTLANG_DESC">
					<option
						value="0">JNo</option>
					<option
						value="1">JYes</option>
				</field>

				<field
					name="defaultlang"
					type="enhancedfilelist"
					default="-1"
					valuekwd="language"
					directory="plugins/content/highslide/language"
					stripext="1"
					filter=".js"
					hide_default="1"
					label="PLG_HIGHSLIDE_FIELD_DEFAULTLANG_LABEL"
					description="PLG_HIGHSLIDE_FIELD_DEFAULTLANG_DESC" />

    		</fieldset>
    	</fields>
    </config>
</extension>