<?xml version="1.0" encoding="utf-8"?>
<extension
	version="1.6.0"
	type="plugin"
	group="system"
	method="upgrade">
	<name>System - Highslide</name>
	<author>Ken Lowther</author>
	<creationDate>Jan 2012</creationDate>
	<copyright>This edition of Highslide JS Plugin is released under the GNU/GPL License, copyright Ken Lowther</copyright>
	<license>http://www.gnu.org/licenses/gpl-2.0.html GNU/GPL</license>
	<authorEmail>admin@joomlanook.com</authorEmail>
	<authorUrl>www.joomlanook.com</authorUrl>
	<version>2.5.0</version>
	<description>PLG_HIGHSLIDE_XML_DESCRIPTION</description>
	<files>
		<filename plugin="highslide">highslide.php</filename>
		<filename>infopage.htm</filename>
		<filename>infopage-fr.htm</filename>
	</files>
    <languages folder="language">
        <language tag="en-GB">en-GB/en-GB.plg_system_highslide.ini</language>
        <language tag="en-GB">en-GB/en-GB.plg_system_highslide.sys.ini</language>
        <language tag="fr-FR">fr-FR/fr-FR.plg_system_highslide.ini</language>
        <language tag="fr-FR">fr-FR/fr-FR.plg_system_highslide.sys.ini</language>
    </languages>
</extension>